<?xml version="1.0" encoding="UTF-8"?>
<code_res>

<resource name="ControllableModule" lang="en">
<map code="1001">Cann't perform this operation during module stopping.</map>
<map code="1002">Cann't perform this operation during module starting.</map>
<map code="2001">#ACTIVATED - %s</map>
<map code="2002">#DEACTIVATED - %s</map>
</resource>
<resource name="ControllableModule" lang="zh">
<map code="1001">正在停止模块，无法执行该操作</map>
<map code="1002">正在启动模块，无法执行该操作</map>
<map code="2001">#模块启动: %s</map>
<map code="2002">#模块停止: %s</map>
</resource>

<resource name="ProcEngine" lang="en">
<map code="10001">Must load defination before activate the engine.</map>
</resource>
<resource name="ProcEngine" lang="zh">
<map code="10001">无法启动ProcEngine，必须先加载定义配置</map>
</resource>

<resource name="ConfigLoader" lang="en">
<map code="20001">#INIT: "%s" (%s)</map>
<map code="20002">#INCLUDE: "%s" (%s)</map>
<map code="20003">#PROPERTIES: "%s" (%s)</map>
<map code="10001">Fail to load config: "%s"</map>
<map code="10002">Fail to load config: "%s" - %s</map>
<map code="10003">Fail to parse config: "%s" - %s</map>
</resource>
<resource name="ConfigLoader" lang="zh">
<map code="20001">#INIT: "%s" (%s)</map>
<map code="20002">#INCLUDE: "%s" (%s)</map>
<map code="20003">#PROPERTIES: "%s" (%s)</map>
<map code="10001">无法装载配置: "%s"</map>
<map code="10002">无法装载配置: "%s" - %s</map>
<map code="10003">无法解析配置: "%s" - %s</map>
</resource>

<resource name="EngineContext" lang="en">
<map code="20001">#CLASSPATH: "%s"</map>
<map code="20002">#IMPORT: "%s"</map>
<map code="20003">core.path.data: "%s"</map>
<map code="20004">core.path.temp: "%s"</map>
<map code="20005">classpath: "%s"</map>
</resource>
<resource name="EngineContext" lang="zh">
<map code="20001">#CLASSPATH: "%s"</map>
<map code="20002">#IMPORT: "%s"</map>
<map code="20003">core.path.data: "%s"</map>
<map code="20004">core.path.temp: "%s"</map>
<map code="20005">classpath: "%s"</map>
</resource>

<resource name="EventBus" lang="en">
<map code="20001">#DISPATCH: "%s", %d in queue.</map>
</resource>
<resource name="EventBus" lang="zh">
<map code="20001">#分发事件: "%s", 队列长度%d。</map>
</resource>

<resource name="EventScheduler" lang="en">
<map code="20001">#SCHEDULE: "%s", will be dispatch after %d(ms), %d scheduling.</map>
<map code="20002">#SCHEDULE DISPATCH: "%s" is being dispached on schedule(&lt;=%dms).</map>
<map code="20003">#SCHEDULE DISPATCH: "%s" has been delayed for %d seconds).</map>
</resource>
<resource name="EventScheduler" lang="zh">
<map code="20001">#调度事件: "%s", 将于%d毫秒后分发，调度队列长%d。</map>
<map code="20002">#调度事件分发: "%s" 依按时(&lt;=%dms)发送。</map>
<map code="20003">#调度事件分发: "%s"，已延时于计划%d秒。</map>
</resource>

<resource name="AsynExecutor" lang="en">
<map code="20001">Current executor has %d tasks waiting in queue.</map>
</resource>
<resource name="AsynExecutor" lang="zh">
<map code="20001">当前执行器已积压任务%d个。</map>
</resource>

<resource name="ConcExecutor" lang="en">
<map code="20001">Current executor has %d unfinished working threads and %d in queue.</map>
</resource>
<resource name="ConcExecutor" lang="zh">
<map code="20001">当前执行器有%d个正在执行的工作线程，%d等待执行现成。</map>
</resource>

<resource name="ProcTask" lang="en">
<map code="20101">Stopping task executor</map>
<map code="20102">Task executor stopped</map>
</resource>
<resource name="ProcTask" lang="zh">
<map code="20101">正在停止任务执行器</map>
<map code="20102">任务执行器已停止</map>
</resource>

<resource name="Session" lang="en">
<map code="10001">Fail to load defination of task: %s, task aborted.</map>
<map code="10002">Fail to initialize task: %s, execution canceled.</map>
<map code="10003">No task defination found</map>
<map code="10004">No process defination in task.</map>

<map code="20001">#START of task</map>
<map code="20002">#FINISH task with result: %s (%dms)</map>
<map code="20003">#START of filter</map>
<map code="20004">#FINISH filter with result: %s (%dms)</map>

<map code="30001">Process finished with result: %s (%dms)</map>
</resource>
<resource name="Session" lang="zh">
<map code="10001">加载任务定义失败: %s, 放弃执行</map>
<map code="10002">任务初始化失败: %s, 取消执行</map>
<map code="10003">未发现任务定义</map>
<map code="10004">为定义的任务步骤</map>

<map code="20001">#任务启动</map>
<map code="20002">#任务完成，结果为%s (%dms)</map>
<map code="20003">#过滤器启动</map>
<map code="20004">#过滤器完成，结果为%s (%dms)</map>

<map code="30001">步骤执行结束，结果为%s (%dms)</map>
</resource>

</code_res>