<?xml version="1.0" encoding="UTF-8"?>
<code_res>

<resource name="FileCleanProc" lang="en">
<map code="20001">Delete file: "%s"</map>
</resource>
<resource name="FileCleanProc" lang="zh">
<map code="20001">删除文件: "%s"</map>
</resource>

<resource name="LoadPropertiesProc" lang="en">
<map code="100001">Fail load properties: "%s"</map>
<map code="200001">Load properties from file: "%s"</map>
<map code="200002">Load property: %s="%s"</map>
</resource>
<resource name="LoadPropertiesProc" lang="zh">
<map code="100001">加载属性文件失败: "%s"</map>
<map code="200001">加载属性文件: "%s"</map>
<map code="200002">加载属性: %s="%s"</map>
</resource>

<resource name="SavePropertiesProc" lang="en">
<map code="100001">Fail save properties: "%s"</map>
<map code="200001">Save properties to file: "%s"</map>
<map code="200002">Set property: %s="%s"</map>
</resource>
<resource name="SavePropertiesProc" lang="zh">
<map code="100001">保存属性文件失败: "%s"</map>
<map code="200001">保存属性文件: "%s"</map>
<map code="200002">设置属性: %s="%s"</map>
</resource>

</code_res>